scenario,task_id,x_m,y_m,z_m,priority,task_type,service_s,earliest_s,latest_s
1,1,60.92847904831751,816.4960372795415,90.35134658337151,1,5,68.97499666624387,20.413043641368795,594.8097052226104
1,2,707.5120928667951,783.2199050646441,92.34956001703584,3,5,68.23786432307077,10.25989461384041,472.5896757794204
1,3,847.7267481217596,206.16124663605473,58.68820076031667,2,0,44.857530517632654,94.40020763911332,646.3672444736194
1,4,236.28277430613016,261.2499766779286,50.7762497526097,2,5,70.63655657950636,83.25570000842887,789.5725885625636
1,5,286.5711943940874,494.9392280149842,76.34808556238949,3,5,67.1850350275334,88.09439078275658,859.7080960643159
1,6,338.67315993977854,530.0687904711552,68.69467078237506,1,1,70.03649139049512,88.25289589066675,594.5251219935498
1,7,431.21575687565286,212.99612185313944,47.76098844555094,2,3,40.25617678878332,90.15430292599021,645.7587594355134
1,8,815.050882705383,814.31387177704,84.9033588460566,4,0,48.46894904407878,44.00738647865283,783.3703569764994
1,9,144.7669015943809,292.2322376232012,47.13432086098331,3,0,46.593379297546086,65.56380378473196,818.5177040043126
1,10,476.4710471459131,237.34260784739462,57.08060685897286,4,4,53.1386434613274,130.21393694818556,607.7822937302133
1,11,914.2302491717014,797.8507408736233,94.77993425824437,3,5,68.96612522613175,52.906059545109954,601.8698247468022
1,12,658.6114586534746,210.96618790055413,54.86252804024451,2,0,35.69132370895448,76.82586107690081,639.0267957364246
1,13,565.7458097374849,463.3919168349615,85.21038627070632,3,2,70.34550051417408,147.08720611838524,868.6869128517416
2,1,268.28045758682254,289.31069970983486,51.72180089180192,4,4,50.98002277430099,162.7342122603387,774.1469154720909
2,2,347.0601037934775,479.06098578453214,67.91117471956457,3,0,39.67456708520748,126.58594931547415,687.7650746932038
2,3,567.0658838949927,450.13848544538155,60.060369981338546,2,5,71.29535874057831,128.4128328500587,919.4646243968023
2,4,930.9477103043668,523.0674728904527,69.58454140514898,2,1,60.85854892611578,127.84899375193658,865.6134984482737
2,5,658.0492610460378,483.7996550760629,66.29975178641033,4,5,71.67185131242928,37.35795815152423,420.2557397809768
2,6,935.0447061457929,796.4211491687827,90.12843086882144,2,3,35.63015683114173,140.26364476957633,874.8937247793153
2,7,234.83473879293106,731.5446856455014,93.51511253707504,3,5,69.67015726537822,80.71797426781966,552.5488044319666
2,8,730.9916037557941,479.23179468883035,67.68023828477637,4,4,50.44892628595661,78.7645913663448,709.7885508705258
2,9,415.9386134384947,252.28217379636578,47.33807153804864,1,5,71.70354738521458,16.1704076609929,439.7751348812863
2,10,814.7325744401171,522.3056425514606,64.10632779001632,3,0,43.27126652331733,155.7562791786506,630.6318217544092
2,11,530.6197600872296,702.9368974352124,91.94416268987978,2,1,57.699307858506444,87.40083425953308,587.9420366777559
2,12,64.7916542888286,521.4690948532863,73.42979517188418,3,5,70.5951163797117,98.65992819903508,886.4687834355859
2,13,144.00778810655467,775.4366056037131,90.58620930506012,3,4,57.698674657133324,52.89712899807056,848.6993506844946
2,14,659.5903909420763,795.497584538339,83.11086655917919,3,1,57.78227030251717,156.43953730331597,938.6447172647695
2,15,377.89901241531396,261.2063591724981,53.60486153669628,2,5,69.66972292636419,117.41864966572636,925.8624566692528
3,1,786.7920449939782,169.63630820077282,58.87344227770741,3,1,63.722472431219494,22.435810310044616,689.7184784657732
3,2,917.9228622427263,553.8630984271415,73.67606138549846,5,2,87.5528188518219,15.602835596450825,653.9736309628785
3,3,447.8686857423951,240.1000729352511,72.02800903142997,2,3,39.906871681795835,131.31571156907452,621.91587503143
3,4,140.90009956771212,296.059329818316,61.0853364252196,3,3,33.371182064681285,50.57122230909682,416.7653572856319
3,5,244.51946960151164,519.8035966074082,84.09111411450209,5,3,42.1130770410256,130.44276264449786,889.4233670159637
3,6,852.074879163088,815.5423803802589,89.42829035178507,2,2,73.657749318729,32.462341499358764,673.522033888988
3,7,370.5705448643541,727.2141049021102,85.99150993886349,1,3,42.019392640133184,17.19125114822065,807.7016694064728
3,8,160.59199264713988,278.94464880082586,56.65055649589086,5,0,39.474209619519826,2.2592900960004925,486.01681741069376
3,9,237.3736737372118,278.18912460793484,46.75463407980284,3,0,44.2092856960633,10.323676996180637,605.5030388529846
3,10,945.0081279940719,789.2320523855624,97.68387606791099,4,0,52.71502765497886,141.30266587551824,919.748637453102
3,11,375.65355014492616,480.48103459792105,69.85321257090902,2,5,64.46304391513733,170.13484720816743,1013.9180200438855
3,12,612.5213807310525,482.29961406257064,75.0579463434658,2,0,35.72378405678257,9.974540692385897,648.7652396765358
3,13,542.919799740487,759.1674411745566,92.13147824254011,5,2,70.42607755691134,13.683958130085383,790.5542532231098
3,14,666.4685097746441,192.70399858089004,48.70796928426712,5,5,71.58840808280446,16.595860677612905,717.4401346378525
3,15,313.03745948406976,286.59163660555225,51.10905699612514,2,4,55.481703249999725,48.19670258596156,676.2264639426968
3,16,719.3260978327244,740.7233139411069,101.60808340576618,4,5,70.95914446548296,161.585252547741,721.1357040644868
4,1,595.3716525613307,755.2532078209715,86.76810252729243,2,1,65.81552370180619,41.379791178694916,739.7099804688448
4,2,209.0142348829611,508.1268986656502,76.83168629841373,5,4,54.77065114292937,139.3873107258529,692.0540441915956
4,3,711.6740759461483,477.2021583145184,66.52861126467823,2,5,76.63909736220177,64.1608110425114,674.0731672324584
4,4,787.1730440736866,497.4007375990843,66.31331949042408,2,5,75.61313983399418,26.82236492205509,598.5089813541827
4,5,656.7520920475398,195.49099545164736,57.55971685705976,3,4,53.40167432827691,45.473130751270276,461.6718744307044
4,6,240.57084553785546,778.9356600884931,77.08729097207764,4,4,49.64569528339879,122.85570437516341,543.1191969576789
4,7,255.7112823013525,497.15697172872854,76.29266295180842,4,1,58.897671087587696,19.028830979804063,792.5119153866515
4,8,779.1033176981449,795.5568571370179,84.61960826070097,3,0,47.546257730401166,100.17061579811042,807.1030757982383
4,9,892.875163532977,802.5452212731295,87.62215597661127,4,1,56.428406039312065,151.97127518418725,762.9210739348742
4,10,318.3446938144857,556.0640017973718,69.59147515891743,4,1,60.93586809884589,113.39836132320988,906.3058223456783
4,11,461.265107572504,461.03122344367466,79.3255293655969,4,1,65.28391314949698,15.932445509964577,437.22401682205214
4,12,121.7952931032882,296.68510307629333,52.74570799243313,3,3,42.842704150053116,111.52562163699311,927.4832146347145
4,13,85.52773026953088,550.7950833199425,60.394735759327986,4,0,48.44216950888945,74.45877558943991,534.0554248852766
4,14,552.6633055661573,454.1188736204819,68.09258843246519,3,1,58.586409250363396,89.83566798166734,551.5370316745451
4,15,682.180750827207,534.6910461243829,75.67007239841354,5,3,36.12166695996458,75.84795438337393,643.866942881784
4,16,515.9749624733251,214.72492396809474,49.94108177491634,5,1,57.97690740206727,165.6768368767455,771.1912468972148
4,17,960.0,788.0614817671998,88.70135157175277,4,3,45.43040414871158,105.31147715704486,801.8821089673443
4,18,407.2809003501241,466.0222263040016,81.42895761984242,2,2,78.05194086125871,26.25707477239199,542.6372584702925
4,19,406.8227594211171,701.8983120561713,91.33027996875968,4,4,61.828729054970225,159.86269895467615,969.4594126882957
5,1,953.5657643438632,845.4673129949023,83.86173900543926,2,2,82.07941302458636,124.52815337054882,885.0594587090252
5,2,840.5022515171153,545.1882214525592,66.19470376466087,4,5,70.92025129371612,63.19113899941381,761.8130627654195
5,3,861.3936981641307,563.1537746601201,82.86847652714127,3,3,40.63562778416801,137.18962796915298,711.8630629383476
5,4,441.86250348680045,488.2571972045417,68.87049128023014,3,3,37.27610265661072,35.676091813324554,687.1432019367023
5,5,120.0134048105974,256.77326287094576,46.37834752338822,3,0,41.27409417270192,44.030807134686725,869.0888503320001
5,6,178.0011023263059,766.5692967522926,93.73722638914663,4,3,41.56779016589603,167.56316353884628,618.9904812276254
5,7,199.89198807287505,740.3805464009479,86.22889111739185,5,1,58.62179161978021,68.10525369534831,743.969579198814
5,8,456.9113469069587,748.9589549332748,92.20516887802263,3,4,56.22893794567455,101.41441153437086,875.3553250733496
5,9,561.4891619538242,444.78149018057366,74.16459843998746,2,2,74.24570196646671,99.28649771466878,919.6570725212569
5,10,385.58651540045145,489.37721018845684,73.61637475331828,3,0,44.0916239351669,88.64724769989266,539.8151416526671
5,11,569.0184358954199,762.9567716317556,89.49454197078656,2,2,72.41513868272324,66.26367904757976,850.9065601069426
5,12,676.6355164253736,444.0639274345228,77.49793868184538,4,1,58.5712404625203,3.5581032068708773,716.3891213631713
5,13,901.9280043950466,537.6257347997915,72.34230481273421,4,3,34.675914002708076,37.79889257840113,789.655365288851
5,14,727.1230730712692,780.7705577074507,89.89758632589702,2,2,63.64458216407478,77.63469946205008,654.1766707132839
5,15,576.6973341094648,474.4839860219007,83.77661704890193,3,2,74.22301112818447,46.536490447658196,534.318223419868
5,16,314.8644543266157,277.8637403656722,58.75054137707424,3,2,76.83712331434162,151.38018140993933,777.1322912848862
5,17,644.4792915957191,781.0131104078017,77.54337398300784,1,2,73.28833766185774,171.9648669425052,706.9799905802356
5,18,144.1823196022308,764.3175109800172,70.91844171829071,3,5,70.85957469495021,128.08591049250109,610.350287614902
5,19,547.8268643914766,185.78658507201632,54.236381181635565,1,4,54.939790476090494,107.59451602574069,944.2939302263735
5,20,311.531054795205,508.802979703082,74.13661353911138,3,4,59.73177247191234,149.56596456724276,755.9583684898392
5,21,734.6450003147648,185.0841165970147,52.88146427481296,2,0,47.502271788973715,112.59510349627605,756.7399792317589
5,22,257.4147765632753,744.3061327408278,87.9171497019848,5,3,41.89526794210262,59.204041928141244,825.3477231128874
6,1,837.5819122453943,826.9554434417846,103.14174052907322,3,4,50.685599227313084,78.06281579949655,665.7931691546712
6,2,293.5681715408452,678.9479783090072,90.96363761983245,2,2,76.02292153686496,87.92661721614917,603.1979250103752
6,3,717.3971534717134,526.3485487510158,60.55628930018581,2,1,62.946971500307214,85.37207679069911,688.901098754932
6,4,268.3857358876284,753.406239019736,92.19002879737623,2,4,53.64395054243557,70.0801430380701,760.6156287558573
6,5,76.10622982566095,796.2842152711698,89.74964056406273,5,2,78.75346272815605,23.67581223048034,670.7878427973485
6,6,815.4730248201923,755.7612364960727,82.16955271311627,4,2,71.39826611345596,37.34468488945006,441.59342235126394
6,7,467.18498602501063,468.1306200986297,82.27322242086416,4,1,52.77804853476573,33.39172496713607,563.7079991493546
6,8,243.34698656112434,479.50793673606756,65.10733368611324,3,3,33.89790418912699,155.39856233992649,652.5188502575701
6,9,684.0398370110033,165.4976271561123,46.29930062604375,2,4,54.95026806796766,104.94513931502884,546.3186879451056
6,10,399.0115139006261,289.7875795290788,56.383697500367475,2,1,58.797751393661116,41.00811620268112,709.6787518681193
6,11,734.3135250604362,195.8259418268826,61.12456535163565,4,2,78.36278830498271,74.88027786858228,702.0288287036957
6,12,499.19330783086434,440.5076795950465,82.48100678660296,3,1,56.47433373842179,96.22500202343727,534.6905511386768
6,13,278.04827135608275,695.7846664956178,89.77290725721997,2,0,43.0338499358258,166.06356110909078,796.8059002009177
6,14,465.38534759219465,208.55112904414347,47.41150997969426,3,2,80.68515712513478,136.62137751188803,752.3907607766911
6,15,616.8701757872545,755.6911234428221,79.54302701667329,4,2,72.17540034938223,178.38689541172084,941.6985283002712
6,16,960.0,814.0201163129373,82.55448033554387,2,2,75.73184034297883,103.39141600359774,783.2217285179469
6,17,112.12061295598568,786.8903812302517,85.47404220463282,3,0,41.854736867319666,148.2685534017061,670.002811685747
6,18,858.5905175313128,510.24178038961077,59.82846630391183,3,3,36.44159585969978,177.02093050801113,753.6953296366376
6,19,323.143050591049,716.8337289626021,93.80523387718341,4,4,53.32465413677944,68.6885899354945,446.4255016173539
6,20,719.7638738369941,757.4724701076656,96.40284791004636,3,1,53.583386210452176,62.29874141636148,881.6173181434077
6,21,180.06156406245657,254.23355165464363,54.16626995289443,2,3,40.50087100139568,61.130862672112784,890.9210068440058
6,22,659.0249176827587,506.67519370582204,81.12243033169582,5,2,79.1798230617531,22.77316591267535,566.9875915634389
6,23,787.0051875474766,810.3801988951874,87.28269571570675,2,0,50.67868232139523,147.08752491399673,649.7346969045881
6,24,495.91391541624444,740.354132760751,92.08730386650994,3,1,67.84273278383172,21.378155546548786,559.5187526368337
6,25,196.00677674188287,779.221945413623,90.80073622510025,2,4,53.63351232288868,170.3352096552088,794.6859121568917
7,1,155.70367076124037,312.65856080805906,47.17226563748724,4,0,44.72180351694989,93.64523813861587,670.8030940677136
7,2,619.76194854894,206.53972828403235,66.2345521509561,3,0,44.57738189322161,54.26789371409345,496.0518105742623
7,3,706.724933725852,184.07171178857735,61.7278569600876,2,0,48.55956517994243,168.6092887068207,650.394213035104
7,4,371.8836935551573,476.92871367323113,71.85068493655348,2,2,86.05588775915335,126.05377262139686,733.1573227672611
7,5,257.8670153950516,739.7522771206999,85.73308775871737,3,1,59.17237880917605,83.3619336460242,827.3276369899078
7,6,559.5258284233751,423.0304493425362,81.68834996767197,3,5,71.97676722620535,87.91510881356895,822.066631764919
7,7,301.9181041029166,743.509908030276,80.9765297869513,4,4,58.96570622798177,89.98180788294819,667.2520381147385
7,8,659.2734247389225,485.6260525256508,64.22266017003477,3,1,61.7790005599523,49.00396499734894,551.8816567501124
7,9,626.7364715023166,773.7667700292042,80.51118272713377,3,5,68.22556899255369,130.22123238623965,779.7558388809605
7,10,607.3885099048563,790.6099979593744,77.92085087888769,3,3,44.48496364480453,23.597629098309838,523.2814600725242
7,11,784.7415617468849,198.63409538398923,67.19912532552274,3,5,69.7222505310429,101.0677473498358,927.0080914391432
7,12,154.62925471041046,247.5082010693722,46.463007349026284,4,4,56.66357504912768,82.17115925073605,492.5899097875731
7,13,331.57183308084694,501.81180753755865,69.56980171404668,2,0,44.67503608822746,1.8800321569201128,456.68182381138246
7,14,868.1564080560357,209.22261817110586,62.427447847191196,2,3,36.11577792115522,81.59433374841451,866.7183225016369
7,15,248.38458908088992,326.57730940241333,51.287201684460236,5,2,67.54856445940027,51.92783557144309,473.68550313000674
7,16,166.61700207757028,785.543292558096,94.29943321380972,3,5,63.99038088106847,51.4953822336641,771.4248005291882
7,17,868.3609946847603,843.1609795488129,102.07085343058151,2,1,58.96965131731291,156.84748457083913,937.4179426370566
7,18,543.5878855247615,425.7828380769913,89.03913178385606,3,4,54.52696774336663,171.76081861160293,746.5063232014388
7,19,448.5906562409637,755.1160285418637,95.87160750535507,3,4,51.968351317110276,42.635606631343535,514.2013820438234
7,20,97.74622441480358,742.9527561558585,95.96147499805929,2,2,72.36479674927949,174.91981239744584,907.8277384816706
7,21,468.33525729316443,204.60519949851437,66.30382083998386,3,2,71.28559580285486,128.16630712159224,522.9412974385909
7,22,806.3497780618175,819.7977530885973,103.16014879816822,3,1,50.528418887993226,147.46451880482138,546.1333735799182
7,23,940.18326344313,788.989505927156,93.23653740143823,5,1,61.80463271354879,74.99119208647045,765.3677598077663
7,24,355.37870038623515,299.5703056530833,54.143230514047076,4,0,42.29900604378507,111.61871792807528,586.5514882014388
7,25,333.54475793272917,240.2343650238141,66.7944474276756,3,5,71.4262159374531,31.572227764582376,415.5861924140169
7,26,900.3782685543849,253.78539583470584,49.276896571852106,1,3,44.39995571541989,38.0177536245521,591.4796911137521
8,1,819.115821452516,195.8552347804078,53.04509025352919,2,3,41.79095110825919,45.308881158921345,734.4349032374154
8,2,522.4182141973045,723.9548565205417,80.4574457584354,3,5,70.78487110464391,164.85512847911735,950.8857375273549
8,3,276.163662648254,717.0711284487733,92.61574433912814,3,5,72.90446239432981,86.42559623404178,848.8541031450223
8,4,634.9395399475281,795.4389305437493,82.77807290332551,2,1,62.4723281848898,62.729856264584654,511.217118372606
8,5,846.1268415927996,192.24727486737763,44.86551362556161,1,4,55.21380147303459,135.4307553002832,661.2982547188956
8,6,613.5721692529586,218.38006970979953,39.28074715389431,4,3,36.80018592660426,109.02304577793143,456.2296001507202
8,7,579.1801332983813,155.14011650872683,53.64678366941238,3,0,44.45952422382867,108.9551011753209,755.223433028385
8,8,344.9500209895963,259.9421431053964,54.76899463172658,2,5,72.12309975731132,88.11930492275366,944.658268690046
8,9,698.9691416990473,796.024845427803,81.43954389911413,4,1,66.8909628948788,5.26440244090979,457.84532587773333
8,10,64.30031400010814,791.1009129002136,83.34708367649978,4,2,72.69264473147803,118.9071038994379,658.7870102458778
8,11,791.0432230370195,789.1515953459966,93.94878317827066,4,1,57.48681311225398,63.10902040335158,652.7676908791672
8,12,833.7473886870141,511.9619115530923,80.66040864680733,2,1,60.60984383883949,4.485383754284515,769.1324368622528
8,13,178.69197065772778,576.583300889404,72.82979445069968,3,4,54.76334860220785,176.9144170222292,897.7738325943526
8,14,557.9379324879307,458.5626587130038,71.97811550543766,2,1,60.242591020689304,175.9764025894531,799.4014944275135
8,15,924.3126295712088,802.8868875575566,78.60528414341135,4,0,43.57787047111963,135.55516349374108,811.6529930663864
8,16,190.74571635940148,771.8621872247213,93.42587156453087,3,4,53.4213651280176,4.494816457859825,661.8713815129615
8,17,279.88070256165275,727.6144843821095,83.30178617944873,2,2,72.09327308574098,179.9364314326797,938.4390434299171
8,18,626.0992265130569,769.0897779981467,95.22103070453473,5,5,74.06449445142121,102.56354293906186,819.2700901095722
8,19,527.7326379849601,728.8831993593917,93.22756910350341,1,1,57.279106524112755,51.01177855979818,629.8395895376208
8,20,344.06185485968825,494.1742032932725,73.51848326205017,5,5,66.80452834472383,123.85934086055165,601.4060697318997
8,21,934.3788720618348,561.8627437845026,63.746179824513305,3,2,74.83935215678905,86.51741678682977,798.369337953625
8,22,745.9362645558068,500.6358040104632,69.63915876396258,4,4,51.575039155716105,3.3986904728137834,518.4897478223024
8,23,144.5405212633537,773.7907848524175,90.13222554948405,5,3,41.76482665227052,74.69075056478535,645.9556297601504
8,24,123.90605867806639,284.68294382306374,54.35638880380413,2,1,60.283572521882235,51.73374413810184,491.67349765206313
8,25,416.05559674659014,727.2919948423375,87.70450591383333,2,5,64.89358412917788,127.4792282754877,533.3667587455457
8,26,585.371798858363,776.3093436671754,106.74839257393764,5,1,58.16519383687461,38.12298909847803,710.3849474044292
8,27,420.8980581741363,495.80496909920566,81.91786497441421,3,4,54.11524337833931,34.95231589277438,524.7995132426488
8,28,385.36064750942387,484.265711796674,79.59007579594757,2,5,68.29372337937427,117.61479479187695,702.3743284453165
9,1,936.7521383712207,563.1260387320337,70.0114726144487,5,5,72.32055158331278,90.67943911299037,576.3061791565227
9,2,481.18352387762747,430.6737285311649,77.33362184663287,3,1,57.350162571765274,15.980540689795188,580.9848579632474
9,3,787.4459156624488,194.41992549092328,53.75381822396742,3,3,41.042457936872985,22.59767233887697,741.0571367678028
9,4,528.0061462334439,722.9812387408776,91.82702159317708,3,2,80.8961866831735,110.45331497008088,678.5673833343262
9,5,585.1931480394444,157.28236365326188,49.66017823413545,5,4,56.18040935941662,156.80725138779985,830.625921739673
9,6,285.9381964762988,512.260152045913,70.41356936368442,4,4,52.358816137176596,4.405308510579344,354.2219505297829
9,7,917.4884827902463,547.4054204419956,77.68687715235713,5,2,71.09053906355024,7.555981977390475,448.5855920484736
9,8,467.55852594003915,729.8003456840452,90.68884169896333,3,4,53.01962009887186,147.38314103279987,654.274357528858
9,9,678.2729471021166,764.4401043306659,84.90559665260987,5,0,43.39233490136987,96.04955953219749,579.461059423302
9,10,113.6305680629726,283.31778972818984,64.40736741760087,3,5,67.0662068411105,165.36023415497036,851.0578137644943
9,11,702.5091893599028,203.44096114008028,52.389154410331244,5,4,46.33175609595732,43.788484375668446,433.45333768588637
9,12,517.4871469596997,194.39702738428787,52.34008307608799,1,1,60.73810602779167,127.37405998416726,869.6935701840878
9,13,473.1859898461003,240.5161482303123,57.5940737344603,3,5,65.21745359562726,157.80030198070816,994.3984238512555
9,14,175.6643037470484,842.2139937521357,82.6287150430067,3,0,45.792604696335644,161.74900547034963,587.9792167953806
9,15,738.1816263048544,515.5558854421417,77.79935370787712,3,4,55.898773387034474,65.40527860587584,572.4371182615749
9,16,80.60497734293729,266.2691080972247,63.00900238447343,3,0,48.94581732630354,179.70569892120648,707.3984255833263
9,17,312.64446712304203,507.5496456818714,78.0094298558481,3,1,61.48905442375541,142.39594872896592,539.8502284858074
9,18,389.35940595477587,242.37253729369792,49.34193189677246,3,3,35.39148335154417,64.45841149217209,683.7273008200514
9,19,922.1654175769453,814.4958556863498,100.4582838010413,2,5,68.27866101036983,143.84501890388282,866.5366696159588
9,20,84.74044307727749,814.2712095265789,98.71995937728119,5,2,78.10108563477147,10.333925534015515,539.054510425926
9,21,191.41426250627754,754.9540544637009,101.61316745624563,4,3,37.33003447866793,105.30849983027707,617.2899157704514
9,22,845.3668178806735,836.2948945326939,81.546678874636,3,5,67.4380001028465,154.28795002787038,516.4769455863468
9,23,564.1026591156566,222.4360147619242,49.902620682981045,4,4,54.95785702769736,85.07342756809155,640.3998134234387
9,24,611.267621698934,769.0141194625534,89.4348116106523,2,0,58.84531525835031,26.32293223722977,443.53219458930624
9,25,367.6203687036312,241.6481152044441,60.673663287561894,3,5,62.87923823388097,87.69001897128118,585.5107861469019
9,26,857.2728068709066,195.33984663329787,56.18624228579391,5,0,37.65947787414139,126.3822931028421,705.5867810427931
9,27,276.9801189275031,733.3860772723746,88.98232340434899,5,4,53.123208202229016,179.51399151735365,633.3103347826361
9,28,771.7783416356606,220.54705835969247,58.1062608834962,2,5,72.7569158224227,132.90679008600915,721.4535492230602
9,29,229.7453574213547,516.6930895073324,69.15889960371584,5,3,39.135112198153486,110.40801585309818,439.2415749461336
10,1,303.1377895855335,515.5155801254078,75.07100252422569,3,4,49.50662531929959,76.67919856464776,512.6143114724521
10,2,581.117715586988,188.4784782147706,62.190334794449576,4,1,56.72065275615652,139.57638904755052,819.7365251307932
10,3,872.2054989535457,537.1480951709202,59.752857029010066,4,3,39.61526115609019,51.7185970181816,619.5640345313301
10,4,311.61789505588615,496.15351837211955,76.85509189554458,4,3,44.948655200552786,40.04722218341707,797.8075679033686
10,5,120.02652129542491,543.9178043039863,78.63218813174873,4,0,44.35752648689721,103.49221554744395,600.9744628775716
10,6,403.55917297870656,462.3188690314266,74.30946622915093,3,0,52.221596860679554,123.40728698878387,579.8297467278567
10,7,219.5605935357235,523.6201861688412,67.24218714711769,2,4,56.934135694412454,34.07127519611001,879.8409320351278
10,8,956.554637342606,766.6386796707803,90.24686803427345,2,2,71.37740486944703,80.92714531846785,739.4241037042586
10,9,754.9096573699833,783.4199907729835,81.94040554869471,4,1,64.88665591106293,48.37576465921475,654.3590511995991
10,10,135.27320505466557,540.0738412810371,67.16475879056674,1,3,41.963264034823396,126.70815397503753,789.4045759680546
10,11,790.0056831960104,783.9697538440536,92.27915044079803,3,0,40.884541351868805,156.60431329817632,791.5663954353613
10,12,110.26020325553064,275.39129856973443,57.68156677295567,2,1,62.406840825636735,167.44068307117155,711.1733638341703
10,13,884.1580369735873,528.4816639542697,80.33527850881569,3,3,38.36598002821223,156.51273383686944,581.4244032041148
10,14,723.5971307823986,185.37180896482394,52.9603756603174,2,0,39.444821168343495,21.24359498343098,830.0671985454676
10,15,487.66734508369456,740.9563977679537,103.03718696573279,2,4,58.63773130332078,2.7916556620183774,463.8953067162604
10,16,529.0823082344208,439.6244801273169,68.36092683804236,5,2,67.19919206435705,120.57775202600442,493.238344670743
10,17,618.5448498032524,767.7521958841904,95.27917338134013,3,1,52.876831016705395,121.34683788151655,893.4342263426912
10,18,415.8387028758376,699.606288090038,78.07345571347253,3,1,56.018411585961815,6.946227607583182,679.2266695588986
10,19,267.26016473679204,523.6466106108605,68.61817309393054,1,3,39.420547014384056,19.776061687040574,855.1525759774233
10,20,185.49349128687084,489.58156221897434,72.01229592617698,3,4,57.76436390281575,25.50244397940946,788.8846056132804
10,21,760.2526571928556,807.6779222276252,91.41621777356119,5,4,58.763284913141646,102.64367105888822,833.1770318225359
10,22,159.65808936460118,529.8663850695668,63.64358713332205,2,4,55.97748523528138,98.93839326273044,843.1491162346356
10,23,528.9390948797023,746.947264214821,86.31245549496498,3,5,68.23306787713015,148.64543367868833,608.0308248372849
10,24,787.9388180975606,485.0298137051904,73.41410285686929,2,2,73.41542410852092,21.609771006016828,684.0819685704099
10,25,384.1281434240815,468.5097807288668,77.02423257242248,5,1,58.19192673555886,7.125644627035226,632.5217395558573
10,26,744.979354357358,515.4357383550656,68.74354338033447,5,4,46.919636151727175,33.801328015891464,719.0978888915087
10,27,631.367527680943,141.90377076044754,53.57807056557756,2,2,75.34871052550206,24.767402378273722,438.6632554664195
10,28,472.6578418099816,741.9953833942564,92.31191254346206,3,0,48.03781947600843,11.718982800112162,471.8082678669299
10,29,739.9221605809237,474.7226719545494,79.39395791395303,5,0,45.19492461759202,101.88407713697816,408.94254943890314
10,30,586.1777137875104,705.3112313858439,92.03979321023972,1,1,66.06545426664158,24.89050036519391,632.9001309900912
10,31,234.34929579610278,244.21452069457268,60.4953653172642,4,4,49.307089146067256,131.63548969748348,930.4657195334994
11,1,596.3234167363181,797.1561350178928,85.80217385108395,3,1,63.556497163400266,178.44812610490803,630.218327343515
11,2,355.0433095722082,517.7193623677384,61.6036560466917,3,0,49.25617834480754,92.31748935504268,575.640390951558
11,3,162.6154393806154,773.4759487771594,92.87938588728632,3,4,54.21808654907864,35.80629742921949,446.7438870770062
11,4,612.9014784238012,781.6063816413374,79.97998512226025,3,0,43.560298809140455,111.78734659307592,601.327901567914
11,5,128.39371378425773,547.9528579991248,90.02162334110929,1,2,76.83397424119028,118.71492911200929,680.4681983774323
11,6,898.5212723937658,250.8098449130619,61.779477080492875,1,4,52.863007648333166,166.96092238244535,655.4791081891747
11,7,878.1044194268565,525.512329314619,73.9092429065186,3,1,55.53275568581532,127.11032093472956,530.4666065838741
11,8,316.9422458091824,698.0306196861111,87.67382118298474,2,4,52.53342444895768,0.6502937326571989,791.222496810994
11,9,755.2205817631149,201.20695625629978,60.220897254700375,2,0,43.10109506615332,41.93542089171041,677.1794718645099
11,10,960.0,524.9798498988256,73.91633275801497,2,4,55.229983631951384,144.28869207896852,829.9185562618184
11,11,422.3784223784616,294.7730748577018,50.33268740498739,4,4,60.71606230227665,113.74380463218245,610.9925709383219
11,12,576.0195388798633,428.3560159413189,71.43994422114768,3,2,74.16799928907153,127.4093254827942,944.8759841931153
11,13,427.63683949220575,737.9112386372101,104.0660987914051,3,2,75.12456912453801,95.46138185086544,596.0674345077634
11,14,652.7096708243572,796.4324090004066,92.06281888172308,2,4,58.02095165745546,170.78157219091273,601.7101425894357
11,15,729.4609113833466,208.6024795428904,54.043757925050464,3,3,37.709571619570404,107.37989297661538,560.8026068020757
11,16,576.4843969452372,467.7922226226779,88.90238983476615,5,2,76.3534326475097,176.6342370235901,884.0023824203842
11,17,488.6928049224122,206.93504388701587,48.46536154681482,5,2,83.40073976121506,141.27078228149435,522.7420402768387
11,18,278.560928480936,507.4575785636861,67.16488123864453,4,3,35.685232024333146,130.1796333309569,910.6391044542918
11,19,731.0108587554095,189.2749972959352,58.19483722755965,3,3,47.8803477517077,61.706821764891366,484.1312987867917
11,20,453.1180132182588,478.13924548952264,75.45332593003559,3,3,42.47342652851894,131.45980364350353,644.2620392582012
11,21,672.4816173525771,445.51463217081016,71.62954301652205,3,2,73.22300907533297,39.0131589374412,750.8028094026909
11,22,827.9373938097589,482.9669384472897,75.21400873841561,1,5,71.953177526494,87.74746682708444,661.3795066330005
11,23,380.6729551045455,465.77315090525633,81.25893141934954,3,4,54.805484380573056,70.265148235374,770.9498906143765
11,24,243.83774735259783,524.3623536659952,68.1201674647825,3,3,31.10876455229785,120.57553293791712,725.5729544493113
11,25,182.91176710232045,287.4281003163597,43.2700886678437,3,1,58.392534612467216,5.853458882473575,592.0342045637841
11,26,176.0447962650843,781.072383200736,89.29879624629962,3,5,64.36057069632561,32.43930326328671,445.26992064054616
11,27,339.9007358010233,721.811297409756,95.67928421181739,4,2,74.22196595365764,158.30515144431916,868.7608816360109
11,28,132.62958382247018,788.8539745313183,99.60899989444589,4,0,45.440705038637994,40.865482310588014,607.0558048584638
11,29,554.1425947877583,469.5856224833795,58.87714378392654,4,1,59.81789432715982,168.3986250855858,810.944414144688
11,30,816.8776490072938,195.6688214252469,51.63950931318769,5,4,56.11743339868737,142.02909229802867,812.0700728873044
11,31,859.0418292709753,800.2609058701465,102.0490869344284,4,4,56.66106550104228,94.08681165429196,878.505333364127
11,32,65.63450238317334,555.9080291758552,64.23047000191062,4,1,57.61454967999261,150.28970396194316,745.8248229427666
12,1,902.9373081085374,537.4583092246621,60.35825027856694,3,4,51.008382481828804,38.548193071875886,855.9190228667078
12,2,360.246771450992,717.254001426009,87.95370277100052,3,4,54.13175287697568,123.48874988912306,698.9082450336839
12,3,915.7169753725129,788.8427810872636,80.54826850250134,1,3,38.933262975290305,103.19380574153602,817.215503377072
12,4,660.2264049300092,765.919980284257,97.04868812497841,3,2,82.99937550872824,125.18832139138767,734.3415758772825
12,5,168.88576400802788,281.4405002007942,62.26335246515414,3,3,43.52217258438733,173.39598528783938,738.5722123476077
12,6,687.7300905202037,791.4084402797953,89.67504449265606,3,2,73.99044306203592,18.683314548308193,815.7293940898853
12,7,816.9968401185344,518.0572571298211,64.22008829581499,2,3,36.87404870137582,145.6086358433299,728.9846186202069
12,8,503.67939093598835,505.73177386886977,79.95185828109403,5,4,46.353591663794866,24.92719315170944,380.2898860187754
12,9,361.9845152039326,724.9782015487473,93.77909513979658,3,2,77.32483775401165,70.20003850765461,864.839992187342
12,10,938.0818575902374,531.9869982569888,71.58205976417159,2,3,42.17371495180369,103.1433122071718,925.024857376243
12,11,253.37670179176496,734.4982678811499,88.3637126245383,5,1,60.10951265576333,170.69083644233177,702.3044672635726
12,12,593.7412112048607,775.5025875009869,91.32644461034899,3,2,76.78048662738124,109.15518582625427,534.7837947853562
12,13,515.5113424385048,465.40684320317575,66.41527844159022,3,4,47.799241705833744,13.351380401302713,488.97804507472995
12,14,798.76994799374,563.3386806989517,81.09563905403306,3,3,38.158611837887435,145.94266802909195,635.3772091103989
12,15,313.34038764465976,512.1826097056429,56.71662425784198,4,5,70.41999361336741,30.579508800656136,774.8015541530019
12,16,858.6429059055504,504.60049919471334,71.27733903746415,3,5,69.97456363421897,61.34463559012375,546.9550123754938
12,17,690.4110037014725,498.2723272108691,73.83840066963867,4,5,68.61653786268673,138.21758729736317,573.3393788724247
12,18,311.6141269081905,256.0816423701183,60.127940429874705,3,5,68.64445750849816,42.41026297889908,610.0357899451637
12,19,779.1594869440839,500.9606289407117,67.44679851334844,5,2,75.93265913415439,24.576437567509256,353.7074590038105
12,20,623.0826295183186,796.9174448689794,108.93041627466931,3,3,44.216479478698545,5.352261148657449,520.5153428694675
12,21,401.35535232959586,696.1901033225836,94.31922290486425,4,4,50.62748630133464,147.61166312872538,584.8185458006044
12,22,631.2243790967383,772.9802771771115,99.23921907510925,3,2,76.50098263815124,93.50721987824892,831.1392546198649
12,23,758.0760523940485,494.98310471285146,64.03253232645127,3,2,75.25222642625235,35.19301465765305,625.4573986518403
12,24,184.41052034474558,245.85017434595653,33.536278867919336,5,3,30.286754870974256,167.16401043726503,940.2755049155226
12,25,428.9713615369754,236.04947450449816,74.67519969066785,4,2,70.78286105740791,45.47727166793112,609.665381330113
12,26,244.20260824289625,506.2728838236891,80.95696845223262,3,2,72.88013381625117,131.5330703839277,541.4813002056582
12,27,866.8624850031276,790.182912585841,82.3733208140716,1,0,47.1302005180443,73.7040362461129,920.7491128153197
12,28,155.74808387370032,568.7450696614967,76.92260362611776,4,5,72.02446624790079,29.97799111801616,385.31502165276277
12,29,134.93652787978377,268.5299289771546,46.742235597813085,3,0,54.43130019710383,133.40498010763127,609.1468468289343
12,30,557.0741582152084,708.6201255982139,91.2955230410544,3,1,66.97146602012462,109.31270736248011,890.4173950206944
12,31,356.42454624593046,272.7662247883817,60.46320298548614,5,1,63.94163444684976,132.01785502843686,752.1273323950979
12,32,122.58971593878265,568.5188591529861,79.02933029861501,1,1,52.633823800903414,27.616355732322283,620.3791845117019
12,33,489.90290757599956,217.86525299548387,50.51265728622322,5,1,57.432211464955586,29.225503087205187,702.4393707364502
12,34,208.71093237944035,535.3601361135667,69.04621762146185,4,1,54.479543804653524,64.45979773108473,681.3688546145161
13,1,310.5976437936099,706.1344043942898,89.17947853805529,5,3,39.79405157640987,2.8177856653055833,734.1256704721004
13,2,881.7062272003404,248.86141932365288,44.374465387568506,2,0,47.629509694508556,54.932816473595175,880.6154075514248
13,3,844.9805391673727,490.48200469032025,71.85360232277438,4,3,43.14566131406784,129.93339607308204,890.4447699648484
13,4,146.54431080826654,241.96628454055121,57.2085610655688,2,0,50.709692449886944,135.48003078934357,853.5201081734125
13,5,727.742538476366,169.82717676511314,43.982884617981284,3,3,40.2851549434008,71.13817135624267,488.0560852421953
13,6,241.5346659741411,752.0267555692543,90.83230993789972,3,0,50.67635845955332,52.463826774183524,438.3460118918507
13,7,654.3776980740437,228.54984630715853,68.66777888342985,4,1,65.32707059724292,87.53997571822487,479.5289915753651
13,8,200.08673717873378,254.49401124066745,52.64671000064609,1,2,73.40977541894792,47.60984671243181,474.03554625527715
13,9,940.0377044249188,807.3742528075595,91.01236772296761,3,2,73.95196018264075,179.71359980859623,728.7884710019316
13,10,731.6068091332553,763.9023062674821,85.18919068584638,4,5,70.27110275138423,63.039634782963425,825.4062300908937
13,11,849.5887534942505,765.0242775011783,77.13036220812027,3,3,44.68226494102522,177.07226771807473,914.2810074635485
13,12,793.1878994038605,829.9728502975871,83.98268704066716,4,4,55.47206664755604,100.44156124784338,613.7796378422024
13,13,416.4612632854558,247.8139570867744,49.56814560340857,2,2,70.61310970471109,111.78425729535225,506.9664009279851
13,14,654.9341943921664,198.6486250685225,64.6751226597333,4,2,82.72340385953454,124.0907614458743,603.5815413385706
13,15,705.3154952342927,163.9168527159033,58.32910626395458,3,2,70.85358898821565,37.415638923543604,425.1330759708719
13,16,467.5421000383815,739.3300300826767,97.72613262408584,2,3,36.90801543312582,158.1340370659044,933.7665753918724
13,17,847.0533476009468,815.3320569335644,73.04106736433774,3,5,68.34450278020896,143.5433400086856,875.3689399650046
13,18,135.6092134518636,798.3990042060716,92.56291676453318,3,4,52.69501941570045,120.5338565352893,792.253177251043
13,19,584.2043455575094,199.53225962467522,62.770368579236035,4,0,42.558971757770934,44.51337377800855,789.236087267036
13,20,576.3641879128531,761.7766725405285,86.98886449484682,5,1,59.97602329379922,10.502469026726134,739.1113382742282
13,21,419.1359442277542,477.5176877360255,60.76105291623681,3,4,59.3065403405076,92.27196376210799,507.2109667577042
13,22,683.240573147827,213.8586009762718,57.85537201121329,2,1,62.028647643149256,40.06081815213165,617.9713689474978
13,23,244.20414721048226,287.0077113318397,52.196241369071885,4,3,34.424023269761165,20.769439220548122,514.2704064967816
13,24,710.3713288202637,458.11732702547044,85.95936139383514,4,4,61.40211376953692,25.43939239197574,707.7360239136129
13,25,335.12599052112006,752.9001755502634,89.41792950167572,3,5,68.15924739593518,94.63502649534912,464.16566285361523
13,26,395.3299097780477,255.61528017534098,60.01636669255521,2,0,46.5292464043052,55.59038461754946,730.3843537982093
13,27,129.32268795714472,587.8265320870618,72.6625631850635,2,0,34.18343432813438,172.0525234789407,704.8550994594748
13,28,283.1669007137237,234.14356365047593,58.583147017322155,3,2,70.59884544963505,135.35416203319252,677.2604933987111
13,29,287.8120480037206,507.56728119550775,78.27647062434598,2,3,46.431107517838726,94.62878500517436,928.8985813851106
13,30,584.3135953658335,736.0361784229758,89.26489206562998,3,3,31.42420932154809,77.54611287865418,829.7494134740523
13,31,159.6557506787981,800.9290941661085,98.24914214339088,4,0,44.31247561291853,113.2037816712386,542.7948385222054
13,32,438.7326902151738,452.53894925876705,72.65828015273307,3,3,37.05977221764381,96.42535645476391,783.3198565764828
13,33,315.89059704890263,522.0287966493031,85.44416469259231,4,4,58.966471549722016,66.17667967271422,761.276325069025
13,34,579.526424599126,794.7841041435314,93.7939575760111,3,3,40.87616772836873,175.195453031036,879.7213848377763
13,35,636.0119687640702,170.3642135532068,57.43690912805948,2,4,50.01750960114431,61.70794068149256,605.1637007900176
14,1,863.5445298431065,242.63929912416523,44.54124435824839,1,0,45.21950618001922,90.76180438576013,524.5875735168238
14,2,174.63167777807124,723.8951390284221,91.88139897536223,4,0,45.70225297694581,122.79677672027313,899.1981133350932
14,3,470.81556348813115,464.5625218964212,72.18764796494827,3,2,70.31309016619835,0.39337824659913867,798.0827189035123
14,4,669.4576575425281,155.03181533693555,53.32177476157711,3,3,36.011827183015974,168.12521186685558,867.0581013628146
14,5,336.5796509270723,252.27578856399253,49.67135072849157,3,5,72.26042278096351,117.98391769523563,625.2586728034901
14,6,152.73368401549604,764.9514812247212,79.58930388884414,3,1,65.17565978864748,154.93018779204135,866.9409114007714
14,7,409.41579349499654,467.47609861643826,71.32502420108563,4,4,58.03592879731821,125.60801035062642,608.1720297016532
14,8,415.1785151845306,707.1959863343592,98.67830499197643,5,2,69.99906245326513,41.405852085180584,405.64566055288583
14,9,609.778952973488,747.8838512299383,73.7733620658,4,3,38.07655064559502,63.130398426920706,815.3162323194706
14,10,915.8577509152199,530.7359977153637,82.71390034652046,4,5,68.05469192181421,65.54015690016547,489.9591838051473
14,11,455.75388601614594,247.370979366818,53.77487466446058,2,5,67.67829415615807,137.82538785726922,990.3296288781619
14,12,680.3668148267468,492.28340935836115,70.49953407421225,4,5,77.51930377387956,178.0493548119626,800.3035439254554
14,13,833.7019392181805,868.4371026062225,106.55242483645031,3,0,45.25561400863649,150.68483398783613,819.2705468538145
14,14,254.63578912166702,549.0978693528933,76.87241579029161,2,3,45.700769407958596,34.84718637838576,770.3383400181641
14,15,212.20601876869358,294.3563272675839,49.5819050876768,3,5,74.39184673301557,145.46209007551795,598.8765745948422
14,16,67.22893380692946,254.03918855155433,67.15773907700547,3,4,55.76981058375608,101.2717572157139,532.5683221534139
14,17,580.5856429595551,446.091079716215,67.30877246519633,5,3,39.143152448781876,48.94152019449132,438.41264028257297
14,18,213.40904783155025,292.4315931983523,64.35120843648173,1,5,73.62693596574705,47.15378821524323,553.0573407929542
14,19,679.4840654014553,189.23383453857642,61.60328436391303,5,0,44.49031744042666,117.1622258129771,504.8068448313769
14,20,369.234088325983,753.5969684042727,90.26189820895749,5,5,71.49693602764977,15.916096499764992,540.4918126180743
14,21,441.9572929258551,750.9076252074465,85.1829135486242,2,4,55.19439067592785,77.44324307578715,857.8083381035104
14,22,295.1582521119742,735.1302959530123,104.88426469001668,3,4,53.48116334370042,120.51413186750231,540.2294898698797
14,23,524.150645971503,732.1254547711402,104.60804675766255,2,2,68.6330969803631,105.98426270219825,615.711568482709
14,24,501.00707944241503,192.0557348359591,53.054878554373914,2,3,41.86232031706842,89.92459538720702,877.7629051768025
14,25,895.1567135236259,518.0621463400222,57.826828989775564,5,2,72.72448548497238,80.46046477151141,519.3602943550675
14,26,860.3191277619039,237.8887384113988,53.77675882295548,3,0,50.19996935498473,52.44433602911132,619.68248546158
14,27,621.1758080638821,477.4725971950907,72.98044925143618,2,0,47.881979849350714,133.3406201531675,916.0034171073581
14,28,126.37109330960686,265.55864879695633,64.51161871174372,4,3,37.17939688219072,136.00305187044825,561.2896697115464
14,29,856.4703742428914,485.839545693678,76.38982981621305,2,5,67.7200110989314,165.72472663446223,773.9956850679334
14,30,960.0,566.8636394063592,76.61238937268688,3,1,58.639692544854675,99.12963290318268,634.2459128171749
14,31,781.013941523873,774.9282495227692,87.09360168047368,3,3,42.213116062013206,115.04282170812343,539.5094273115405
14,32,300.9703838503342,263.8939572172522,55.79028230279448,4,1,54.65906325557944,162.94989231480747,963.0254428254875
14,33,505.7770379122847,716.3613119944375,81.61390052693788,3,5,63.07816817202705,47.31684501576936,531.8057037476318
14,34,226.56297382457632,292.09558242423094,53.753397415637885,2,5,70.16239303346892,16.933362716398076,621.916551778301
14,35,752.6700626035472,794.9156585939626,100.95702510706161,3,0,46.91983742460622,145.22447695367353,759.6399999550243
14,36,712.0877540489095,519.9393128118595,61.47653809882583,4,0,44.37485442448086,138.77681334567686,871.1609082986836
14,37,111.89172932451572,538.76927604483,68.50469786987621,5,1,56.49366339661827,6.069678610736256,705.459736202154
15,1,235.8659419981689,255.6944783156864,56.395863260945994,1,2,66.4930875995146,23.23606793020003,650.3304815870682
15,2,736.087997909959,229.57753426495788,65.02572660437401,2,5,68.03918077886496,100.22174645876264,796.464644550469
15,3,479.9450579070162,460.5300890601685,71.51938068531715,3,3,39.58058570036912,163.37953337264477,766.4395340159696
15,4,714.0998033019548,497.72657426498375,83.27002285923218,4,4,56.09985800806307,126.57060468944314,776.99403122526
15,5,110.0108804182242,763.7551821683035,93.10144613320516,4,3,45.92139194655731,90.25170495819165,636.936006336871
15,6,949.0157664140687,216.82196630274615,72.08902487215373,1,0,43.72144117814793,114.7023476375443,677.3160851919284
15,7,737.6248252224614,471.23897964315336,73.76423571611893,1,2,76.9659000409955,48.196576248436905,559.430039625413
15,8,680.9228064817446,208.22516288847316,49.19853232382714,5,3,47.25594559908222,18.90859780847789,792.2599818242004
15,9,697.6810586024461,170.29175639904335,67.59401842902953,3,4,61.33826278368772,55.83202422776074,623.1291152872918
15,10,291.9282266914395,736.8505112703521,95.29294713108877,3,5,67.88400427392602,152.99645993968042,724.1174615494634
15,11,329.8694817322286,487.5778089140887,78.31779233054756,4,5,72.44206086855073,98.41955052733454,901.5868381769059
15,12,870.0669365651354,238.74104651741956,58.076767155167346,4,5,70.61075257031027,56.68377370762065,570.787907200302
15,13,212.59638542063283,729.0503450460924,90.30071949761201,3,5,66.70420304714727,72.30868607778814,860.1516542862552
15,14,421.88082924344843,468.3865821609986,78.03853918301999,3,4,51.93078689502822,105.57593842655564,929.6224811859759
15,15,395.83825323923094,506.5424334738918,64.40147170060688,5,3,40.10382179797353,63.939755713867335,548.9861740012096
15,16,458.91805216267994,446.15477515340456,78.01424052732395,5,3,43.713972787151754,153.6386801370508,630.0383612098315
15,17,802.121973147705,797.5377320677484,94.73787378358294,3,1,52.915531322965876,169.998294063788,935.2963406563791
15,18,324.2617291828886,261.96707330225956,47.864160748685876,3,3,47.20778366391757,81.54476579353009,724.182330930654
15,19,388.56474190105,422.34293581038025,77.925642310991,3,0,46.91878533217447,107.06228310444517,776.2569407444814
15,20,376.6431941957656,304.0978633434562,57.01327715988804,3,4,61.410044071685356,47.94460331074642,459.3061680411008
15,21,845.9758881217375,225.8449761857833,53.84969736525653,3,4,48.23789602777616,81.30443112228627,895.5371531787706
15,22,193.02830652151218,546.2371399586519,75.61762598368051,3,1,60.146339505608864,129.35107878261,830.871851541593
15,23,294.6462814933201,288.34512044609903,54.56526997882284,3,1,54.3479226911632,85.2988214250006,627.2332495744863
15,24,81.74380159757304,253.8136583077321,56.1661762495183,4,2,72.06324468681494,43.82873576003471,496.0510083351146
15,25,590.4168839335656,219.87503984088363,49.13245457997386,4,0,41.619593289109346,2.235415594929584,342.0241712066717
15,26,78.26230673310316,569.1845985145787,66.24313970791557,3,5,70.68084512613012,43.84212970611959,690.9241301436449
15,27,552.1863143586511,214.27572649224692,43.07986192761859,5,4,58.890109178761435,111.24297647105823,547.4731428673335
15,28,327.4289198260743,481.6142066357516,76.63999702639693,3,2,78.08765627238502,154.14173620645482,956.5266491591071
15,29,558.7739669984576,193.04229856755177,45.83110853950886,3,4,43.51565804827492,156.12419972874753,618.4600771509538
15,30,909.2469452563715,817.9028277941267,97.8712600971928,3,2,66.87036162262972,100.6833433719933,780.3969928403721
15,31,222.50530621843768,745.6196911658507,94.52834061012219,3,3,37.834107192276285,60.13423644929811,829.3005247435448
15,32,241.22066008628317,719.038838443353,86.55409329768722,4,2,79.50842432100683,152.53727235909994,801.4010401432113
15,33,510.2873424646412,186.32231981346808,51.87296572375118,4,5,79.9337464670028,98.55288730054117,663.1269139522657
15,34,762.4104170519521,822.5271870664611,104.08942505428864,4,3,42.92789525449975,43.500503397104566,513.9618345045643
15,35,753.487135786999,186.29000437860972,51.35137340205377,3,5,71.30629796551933,178.97693283936485,706.595698462913
15,36,531.9871329407949,217.2463967182183,51.35797301440503,2,3,42.9296016997803,25.09414385057244,463.14070055603145
15,37,635.8571739364635,799.3320402328486,96.3349060094299,4,3,41.264648775154676,61.646813629461725,868.8924348718176
15,38,930.1155346791642,526.2797380642006,59.205476963834656,3,0,45.36990836260389,99.84649062639319,594.4555626530112
15,39,684.6266317051022,797.7985017015232,86.20520667486359,3,5,75.02941620554903,54.686624526495706,677.241427473677
16,1,464.1078509135777,218.10461855728005,49.283844895476506,5,3,38.87268332551449,56.04099765330581,609.2674412979364
16,2,777.2277770749237,748.5220972041666,96.09466120316523,2,5,69.21878986216787,80.08378740448461,629.891694011627
16,3,711.2774814987148,184.42638328144582,45.61766203417086,4,3,38.35323912790297,78.94413051498366,723.8242568398061
16,4,476.2916720761487,444.8702404175121,70.71335187284127,3,0,49.28126571662354,121.49487487672238,853.6464862437142
16,5,688.7725962632909,234.67714420133112,58.025853329285475,4,3,36.07237750401206,32.33684474287885,495.0451460071247
16,6,894.2966087466391,223.48182021050272,43.26600513138533,4,2,78.34954015123245,111.69599323868616,712.4049817806787
16,7,538.0032268279128,222.08566749390766,52.565724456655886,4,5,69.07372804281319,78.64008143975671,511.58918053190973
16,8,173.19935744915577,245.2550067467399,44.44798991185273,1,3,34.91815196461409,20.74313634160457,570.2880230688692
16,9,278.2682512004127,512.7484985244172,70.24513296928704,2,0,41.938461657847036,173.24960204955408,999.0780567795155
16,10,261.5772243639753,474.0725013044751,62.17730455291149,2,5,72.70556471720818,34.39169127625982,845.4501076432745
16,11,763.9988523261875,781.8563315029977,89.03303259594722,3,5,75.89505369436151,151.53174597822937,832.4033484944873
16,12,372.16756736504595,266.06820382437814,59.30999840010832,2,1,55.57754532152902,100.54714196150195,679.5181375440309
16,13,666.916531040811,453.68016471857976,63.738156499073256,2,5,67.8672785571759,50.20867520670633,482.74197855994885
16,14,201.16107666432535,756.9615683347366,94.46036749231483,3,4,57.40970857628417,105.77489889459008,685.9855620349715
16,15,421.61631327333623,253.88971337602226,49.50268993466547,4,1,59.62249223825263,169.97860377170898,919.3093183326146
16,16,758.9885407000538,772.3519917983168,87.24406061080455,3,2,72.0100046396487,139.3713928972134,544.1099098823643
16,17,521.0548472595691,431.51328141959857,72.0632239153055,5,4,50.432011351525915,67.12134641741744,403.3099178057025
16,18,317.50251493755866,471.660346021342,73.18031093359703,3,1,66.3302225279519,160.28489295517505,843.7854641768529
16,19,226.56549604322666,518.2099050631908,68.42894445973859,5,5,67.49277566576143,54.83287052647903,363.07419349195936
16,20,755.4774460745391,195.22342755342345,47.253534882174215,2,2,73.50652720483977,117.15697546447636,529.8301901810091
16,21,841.248128149351,215.4316076899664,64.9034159211669,3,1,61.38915702007196,16.11584077500855,644.189048779919
16,22,640.5689523114397,796.4826206742748,96.44292143790666,3,3,40.164389483635325,56.582970709889864,686.3209900508573
16,23,960.0,542.2729457505611,58.971624525176196,1,3,36.63180791995282,89.11796959575264,723.5060258842475
16,24,247.40741266454177,285.8803468064826,59.1286491557333,5,3,36.555002905175314,103.58107336795648,583.3752188129012
16,25,132.69860525026206,538.2990378398003,66.05278694123292,4,4,55.31433991269011,42.292896293374405,676.3789690003379
16,26,517.0853241385181,210.85970855229883,56.976226349999955,1,2,73.16357120519417,61.67354405644607,801.6058895968182
16,27,748.5502629069375,469.0359086319598,68.77853135277876,2,5,65.12982191963846,171.34323455034274,808.4090188390048
16,28,135.90252191486613,247.03400469607124,49.700478647831446,1,3,40.43647453619207,38.60678282043971,937.7347919214787
16,29,297.3484173178976,720.0113404666107,83.03206365363887,4,3,37.47896588134836,87.52581375851258,698.3959984667724
16,30,402.6856696764729,738.0338466705073,100.68365109735026,2,4,57.26213390689274,174.4441613112993,968.3218900691138
16,31,641.1545136950606,782.4488300179769,89.90042475768222,4,1,60.9615268368034,105.44334077661608,904.6289314728845
16,32,548.4139613502082,767.593365777203,81.68773979838275,3,3,46.52847066314485,95.91770669059987,834.5606340190782
16,33,377.9470485880511,273.0332893811863,48.47641868313855,2,2,73.7540388756914,29.765808144668238,645.81148651656
16,34,390.4368165011376,215.97166925222794,42.90368538394419,3,4,52.87147428985641,130.55118797410458,541.8269922935629
16,35,549.575942316343,760.0027818759412,86.54544897210991,3,5,71.7822100549728,161.36144402352176,566.5507488167736
16,36,943.5226896721381,540.821767583277,79.96199397840043,4,2,72.38531122450685,8.088156673410055,493.5451716857925
16,37,782.8263834410802,190.24513362351144,62.974558362248395,5,2,77.36510794911125,177.6328181930874,953.5279864402792
16,38,865.756521195548,806.2388595380183,96.53356119098252,2,1,55.223441579112844,21.963746094840467,610.4579494955238
16,39,602.3966792019285,217.52732835624028,47.26808041236264,5,2,76.86079675901117,89.14717836935556,645.0641561285704
16,40,125.03210394966794,550.5478970109625,79.09055919727247,2,2,70.42035817896415,179.25944654051827,617.0824517456653
16,41,55.92107766982628,790.7221143431116,92.44889286178754,5,1,67.41557076759409,33.246479218844584,601.2911065086221
17,1,709.2412485364563,824.241645475629,91.48090839841541,2,0,50.289140808972476,145.81418073738075,825.4114630644337
17,2,581.3966077672039,171.00683947450514,48.05267923101845,3,0,48.76300557910391,90.57349397031949,519.1408094710796
17,3,720.1175169525467,479.3187418567066,78.61432485796152,4,5,77.91263310106739,80.88122886847438,556.9089724752298
17,4,758.6552594001467,782.710322223686,92.23960408639991,1,1,52.143487384571024,35.578179833048516,591.7026997357189
17,5,342.86474036261274,462.4482864008227,79.45964326557092,4,5,73.58400501719709,10.729140220552154,805.8240237474611
17,6,211.66994707080067,475.7562237402863,69.92803915204914,4,2,73.47640858144628,147.87404503950455,495.1991637395038
17,7,627.8804263143043,750.2865536493819,94.61351625763402,5,0,43.23178809408072,168.3744211723274,618.400132670171
17,8,802.4051714814017,465.41786056276845,74.96549458685917,2,4,53.00881260913758,141.65262274379762,540.1978399632965
17,9,434.0476450592993,240.29739450843766,55.77083160661373,4,0,48.07902533173844,20.454149465359336,770.3685725507119
17,10,184.0517908246439,749.410906835094,86.27126253410538,3,4,51.48350705501773,110.50829131788446,905.3052086826972
17,11,301.5563859915479,222.77010754873103,47.617635944201524,4,0,44.5116267751366,59.18950041988352,479.99757756009797
17,12,321.12578885650123,760.9091326544653,82.17720056180148,4,1,57.63114382538103,12.084718013171926,509.93766646783615
17,13,619.8091607656066,216.93971464646225,61.72219962687966,5,0,49.87825777745522,8.045935242498212,591.7542466467385
17,14,724.4701295802962,815.8073926726878,85.35811226812888,5,3,35.327523337635164,42.92615085053039,768.5854606326483
17,15,240.5416664112482,752.8283467952241,94.57172353456905,4,4,51.22803393696189,128.30804578880472,461.8537842438253
17,16,414.40585332158355,478.31767682524406,73.75314681307678,4,3,40.25590119406475,167.14098812439033,782.6364843693507
17,17,171.9344214980944,285.2988454036579,49.618987311199504,3,4,57.26988513292465,147.66094816701946,844.6185517379819
17,18,393.25944421145726,511.7081846395586,79.12472513000644,4,5,74.01053538977553,15.833527319662304,388.3726657498953
17,19,264.87281043337066,733.856970071186,96.25870746251657,3,2,76.24016306863192,87.21422877307376,655.7132059111234
17,20,63.278434101546196,799.6649530184254,92.64434198502416,1,3,48.21231732641256,172.66625991851978,828.8708930969669
17,21,311.6229034550476,734.363489269956,81.21992722905823,4,5,69.48044827505055,8.061357086502458,461.49431012173943
17,22,137.19838546682027,586.1713232290447,67.13706244679695,3,5,77.09456686029077,152.8815715005165,841.028246937024
17,23,749.6297166255931,190.6303058277621,64.78092495467001,2,5,71.05613540884298,19.085389820219095,533.0635208137954
17,24,150.57398198369557,275.88508573061756,43.22528484868435,3,4,64.29594630731903,91.90961718644564,679.6825639173959
17,25,908.825451140901,805.0066770307079,95.60119883531867,3,2,83.93386859565148,135.8038249368177,956.5092174780407
17,26,201.20546027616115,317.23809995304595,50.07644787362934,2,2,73.48969240715333,130.4833151484945,701.3056291209855
17,27,441.2682912320864,278.8802235346913,43.98682645058558,3,0,51.71804158167515,14.017292049685937,546.2374465216759
17,28,499.6554220567066,218.22152166558607,52.5110486227023,5,0,41.4834623759401,102.83505348470207,624.4272095465383
17,29,865.7495489291123,571.9776425482595,71.85157838345265,3,4,48.58895844797703,61.51476244170758,651.3639986314422
17,30,796.1761360882964,790.6994525483266,85.08549981302335,5,2,76.41547027268986,128.60258816420702,749.4760722145415
17,31,522.6964967753576,207.21790135524546,56.011915708945466,2,0,47.237316550980246,6.144526805517911,664.8861828654839
17,32,927.7040149730149,578.0355822800111,83.14521993157305,1,3,36.993143489917024,35.94874710615491,620.0696096602742
17,33,582.3856019198419,462.2809626387942,72.65642878030398,2,4,59.558346430134286,81.73256189297942,580.1777035186813
17,34,110.62794484035194,257.62136958599774,46.01815003613191,3,3,50.809292420679576,24.90343603549109,842.8485904987275
17,35,798.548500128064,192.5098676213015,53.293838338459345,4,3,34.97203084668285,34.61607658073425,613.4791980266763
17,36,891.534167913249,789.6811170163655,84.28828509921226,3,0,35.47315745129622,80.98862856501017,694.8627603682153
17,37,493.8207344074713,219.3284288112382,54.20861475908075,2,0,47.818868131132895,57.42265333125955,763.3032221133313
17,38,864.98787252135,520.5212816222006,75.21644507870397,2,4,54.40992129244189,67.337282688886,848.4868522916422
17,39,629.188358248092,471.0173867863514,57.75848636782311,4,3,42.64217549209065,166.22493441043628,599.6391612747326
17,40,561.4490463108824,443.39902539964066,76.36648425307972,3,1,57.887817227080724,172.25069409546768,979.1713938423109
17,41,433.52792988529006,754.2576704982501,85.2159459670543,3,3,46.19055123972116,88.36937618643353,450.46324889396067
17,42,412.5265247064627,442.8909048586331,66.75454319500406,4,5,66.65814428209814,168.02170837870702,789.7058953829651
18,1,217.35483228799504,754.5409907984929,95.25852817034577,1,4,48.30530697045173,132.32305198609322,891.7542685143497
18,2,703.5108379840967,506.5181182831446,70.26419308240897,3,3,36.51615504597879,35.69456376548582,733.269161162586
18,3,535.8647407693398,723.4432742839301,91.42683674533798,4,5,71.85194176174569,135.87048697380237,726.9671747577811
18,4,507.61608307913474,226.48750522340265,66.33190626916316,2,4,60.88686970406516,95.6559158772981,817.4793553297344
18,5,805.2084830914747,500.6170481375411,78.41911875003784,3,0,41.80139220863955,108.20134094199253,755.0811667107808
18,6,320.40281690243035,261.31117677158863,62.22984652261854,4,3,38.35865297952864,3.105377047176039,591.1677437804329
18,7,343.4271316190406,249.82416905588528,48.21000463251896,4,4,55.18244067876503,160.79531449092536,849.0587802145583
18,8,67.5424461320904,535.4249121279771,78.226453120323,2,4,57.211201062353034,101.40572502996748,687.1766522441153
18,9,763.0199960341458,497.00282404062614,82.01799993407377,3,4,55.292202403137004,29.756732405498404,417.44566272634586
18,10,542.1543201183714,205.49017547880618,62.52819464799237,3,0,54.195817718022184,140.25516244104784,720.9423317241537
18,11,865.2982208485697,789.5716542031837,75.34681772459575,5,5,70.19394870873458,90.32595404557637,710.6065557549497
18,12,799.6864834486515,803.4398851213434,94.83086626988539,3,3,40.05736321061572,130.86601193822565,922.8228514775897
18,13,924.4330069807991,527.139322015591,77.65661876441754,1,3,38.69048108209259,50.742459129264816,778.1588577408373
18,14,119.62937491095803,279.572094335143,57.95164933714068,4,4,59.05495375089901,23.954062583762244,707.1368982516422
18,15,454.3889135061543,271.5789089184172,52.718489757616496,5,3,39.98068406406319,78.25646530255375,593.6558190450339
18,16,509.77646800965596,728.9963156401855,91.45269749599593,3,1,69.00930645367825,98.41166285592587,527.1627916071029
18,17,651.4198725740385,811.8660107661906,101.67404457685528,5,3,35.875912125309505,78.77570188031687,750.3018708870164
18,18,215.8038865763456,263.249001768002,53.19337233877656,3,1,55.22707256403699,0.9866921983026611,588.2181866519562
18,19,479.3052302439565,212.6714341505587,52.74927869979671,3,4,59.27716951664449,47.924799820273705,876.0072691305569
18,20,582.1326942077584,725.3520763308956,88.2929856561272,3,2,80.2542949806819,34.442314037956294,483.12683094191993
18,21,904.4544891365033,810.7684115891296,94.42440194779476,4,0,43.57090062960184,120.25087198647692,581.1727245197936
18,22,716.8662660685418,135.14225787280088,48.5450777447511,4,4,54.12612852126787,156.33898367477005,542.297249598643
18,23,344.4852170884405,497.0989584881311,74.3512294289492,2,4,57.94850676067281,160.57426692490625,898.3009850037673
18,24,900.6447793928944,514.8609496051215,79.77567479552877,3,0,41.819634571098945,29.632917774037388,481.14858231151413
18,25,821.0572952456574,198.5072041014193,37.64641250024734,3,2,79.37893642347,49.104189147902446,521.183174416889
18,26,423.92479352313694,759.9843988965983,93.51182987392441,4,5,68.95975578783644,128.06856072612683,803.7138137215751
18,27,794.6525604522658,535.7133842248527,80.35716290225068,4,1,55.507377969754195,47.54416420157925,438.450982592173
18,28,603.600392920018,755.1147739821563,89.30470284707225,2,0,45.70287344718297,74.44291116804293,902.5028766032412
18,29,666.1629621221393,182.347878150737,47.2184243054381,3,1,50.0528576419683,13.519886295289197,591.7954491443841
18,30,452.63629478048017,182.84352136231107,52.18419511824591,3,5,71.70245641970797,137.53420615109601,819.9071738109578
18,31,73.52355737187074,544.6717869994086,77.15871701356096,3,1,59.04326721012626,177.56009146655256,941.407973761501
18,32,243.067960131485,765.2421078219344,97.78083155580136,2,3,39.64292471999801,11.891939871605665,795.042724617579
18,33,110.9683734147337,556.7707239984861,73.2544571275438,3,5,75.4109344261246,36.08927973534638,518.8240086146656
18,34,318.4212960156733,281.64686952026835,55.78632624507735,3,3,46.2916013771987,129.88706362188438,554.6902288066553
18,35,663.1353349316595,139.96288027061576,40.75762872832249,3,1,55.641250624470196,92.57855078821834,623.6758621699244
18,36,247.53739816473484,722.2957597152357,94.25384093086016,4,5,67.60057649159154,142.08753722877574,510.6409993289733
18,37,711.753443377869,170.82769944730723,53.87139251913259,3,0,42.62472473762715,128.04121268373558,687.0679582217111
18,38,90.04394209154216,564.8868881414405,62.3614080271615,1,4,52.79722535505839,37.31217721803464,811.3051418572242
18,39,224.34840006772356,273.5638336451162,54.724057233222034,1,4,58.816214753757194,147.8538944368927,606.7992350776979
18,40,440.1515650392578,240.02026156378085,52.030185295369265,3,1,63.03472249145897,69.56858440255235,740.7652981577957
18,41,371.50904817766894,484.4739447482173,69.5350746870607,4,3,47.175991579227784,22.45075558590028,393.8646072207455
18,42,875.6171031633226,524.7384910977506,80.32618379159474,3,2,75.16683579952075,60.74363556616374,773.8168052957877
18,43,282.81414373153166,264.5878423453063,54.93146991843719,2,1,61.636799288591604,116.9782935204765,534.7214903270408
18,44,572.7635696103243,497.58710375406054,78.16563449374304,4,0,43.12095619389451,35.79866504910252,551.7798822909062
19,1,353.70253377244364,711.5371110879678,88.95304114110043,2,0,43.91893276444604,113.57484548002537,566.3076006749212
19,2,129.7745193015634,823.6827984767305,103.58420605180497,4,0,45.192291585155395,154.7919599382781,696.9230653151255
19,3,789.433960755412,233.81584304516332,57.24482806889478,5,0,41.20864581944214,135.952393710889,907.707461716531
19,4,749.2235401248577,498.4316086867313,72.62143056520544,5,0,42.78131391324435,17.17018763473678,719.4614102468377
19,5,929.965309466792,571.75015664669,59.263085379402895,5,4,55.094228516470686,0.799965185045246,542.56465840947
19,6,172.86949753297384,562.9010045040328,75.80283839274576,5,3,34.2528996813641,116.33960326308562,696.0502787594226
19,7,708.6854479694549,783.5472682613345,93.19440152438207,1,3,35.65630113521252,129.08842352154795,1026.7749217898472
19,8,699.0072969758631,478.63203799365556,77.45630941270528,4,4,61.01899681666818,115.05969647432319,770.7275536337069
19,9,157.15360485932115,286.996645927166,63.658559898580265,4,1,56.79481232887288,67.77951879415464,456.0352234483736
19,10,529.5432947147044,507.7684371503331,65.92770800307791,5,1,60.67018888373622,70.12381448960218,803.9842745237795
19,11,493.85129633367086,709.7331110787169,97.00409438825946,2,5,70.1840493337827,94.96103848379572,787.9953699300542
19,12,836.3976817534116,509.6552177071263,77.83223820237322,5,4,53.192878257133636,108.6821373814682,882.5489367154753
19,13,471.90488109926366,242.61906035069518,55.208662024762404,3,4,55.04240154870396,88.13021386944148,478.11373116752293
19,14,312.57776151881967,694.5263085707687,88.56225518902455,3,1,57.5265605879578,21.900390122910903,849.3516979004494
19,15,457.67386636966296,246.07947020648356,52.85556902845773,1,3,30.771392435267888,103.40094123710091,556.8349343454323
19,16,673.2882451485098,192.61401298266702,55.1931178805736,2,3,39.410429137126016,18.26863111805421,643.3506438964118
19,17,107.42814266282417,550.3314782941013,76.09630056143786,4,0,46.6135542123575,106.36730573800845,741.0943905065386
19,18,935.7738580304623,547.4394585456632,72.74287512026778,3,5,73.0140416634473,159.25511394007935,822.6150273932325
19,19,891.5403067284543,527.3220716876825,77.31707549035903,3,3,43.36610002920826,141.78737004424173,795.865715731451
19,20,389.27340817594416,511.3346944765795,57.37032681016501,4,0,39.18905339691065,120.30872998163866,672.7355019266611
19,21,467.58576075055936,195.4208605727101,55.00636057798463,3,3,39.18744716271504,79.51707850656265,706.6656830338331
19,22,903.1801373087702,205.3013973947898,44.32795911808687,5,1,69.90830189284766,78.10712286496938,519.629257815513
19,23,233.15765790887662,527.1531264910411,87.56647189747882,4,1,55.36539701954371,179.52317440596883,913.1946253170586
19,24,530.1251656319953,729.7522382558634,90.49395589464181,4,3,46.266280814833586,65.37695241120397,522.2281606212055
19,25,578.4982993756355,204.98574607763337,49.606842039536375,5,5,77.17380920867288,129.2586610530389,693.937478094367
19,26,449.32449237471343,244.47285975723665,48.059823706641595,3,0,45.96215279172224,68.83666792546248,575.9542717746132
19,27,861.1796267097,817.1032141640023,90.79291849227592,4,4,56.98804688262527,129.93396516135257,527.5391621343489
19,28,226.01124135341087,766.6444266390326,107.59550811372651,3,1,57.92208634334383,13.84739433581389,587.7232337922215
19,29,518.5184877741967,741.1106906234531,98.54267856103871,2,3,32.815210185419936,42.54769190138482,608.8486898751187
19,30,317.74531137385566,578.9098925645114,83.89435174480737,4,5,75.91201700436953,179.6589615839444,725.2644650419068
19,31,879.9824083850348,817.1164572844167,85.28964146035977,4,1,53.30856444149363,70.73685025931928,766.1043973547517
19,32,428.48955522467634,698.9364906577068,93.67614247637272,2,4,52.09848995707052,24.149444638329307,631.2326156777724
19,33,788.6855966991501,819.2778797675315,79.87883212686566,2,4,65.75645491433181,37.34850042914327,735.9902568021303
19,34,334.78193524424745,268.55762210633543,63.38667738158901,3,1,49.836247607846325,6.924973276249691,831.6822161961342
19,35,697.7796720058117,764.6290564787378,92.81688405075195,4,0,40.28921971491846,13.569834855456971,473.0117799749837
19,36,78.79818964198678,504.3307514274393,67.69971772204492,3,2,76.1756089726011,28.500298047067105,578.5886150261114
19,37,477.62087442174993,253.8045578360535,55.40102090159813,1,0,48.38589752985218,117.32570992380322,698.717221413429
19,38,133.67001842183396,748.9459875461451,94.12560291138203,3,3,41.75979228426232,25.741921867074527,456.4446936302335
19,39,276.26765770310504,725.0357943062108,91.94356981548535,4,0,48.70586312335647,143.8307832503972,786.0363577345092
19,40,550.0126298241712,746.9971726066884,88.96413263155475,3,3,33.97875124375652,157.44108901938037,642.5262887374888
19,41,418.33296426651543,716.5895668014547,93.19865436927216,1,0,40.368403638255344,97.98825566211619,640.7164514043882
19,42,284.80256099452816,533.9383167161614,70.91625784511605,3,2,66.33283775989322,122.5985740143544,580.7095495782814
19,43,834.3309918580998,478.5676366914831,75.08933271815867,1,3,41.28943198549243,97.54607712579123,879.6572164457664
19,44,678.4814969616998,192.0675376102911,57.04766666042531,2,1,52.07228308506126,160.79250006250945,890.6339141136783
19,45,209.87745601005352,554.5914212215173,69.31678539027897,3,4,46.16938940583108,115.48377803381796,912.2376745746383
19,46,691.895443868757,794.5880102687107,77.4506283570148,4,4,55.616805963696805,89.83338550684864,658.9788937917748
