scenario,tasks,algorithm,fitness_mean,fitness_sd,runtime_mean_s,runtime_sd_s,convergence_mean
1,13,ACO,0.2681954759569646,0.0116485787606495,0.19971876333002,0.0586871611114097,16.5
1,13,DE,0.2780386257572923,0.0100447948299586,0.1011239000014029,0.0294831439366091,19.966666666666665
1,13,IPSO,0.2675392570062022,0.0113241160743935,0.0762443066613438,0.0189424790666743,21.633333333333333
1,13,GA,0.267561678117565,0.0090325556935048,0.0924589266612505,0.0283651780374167,22.066666666666663
1,13,PSO,0.2713959865941028,0.0102229234776892,0.0789260466738293,0.0285737149283724,20.83333333333333
2,15,ACO,0.2875432820289519,0.0088829844338982,0.2728334633167833,0.0679130737141489,17.0
2,15,DE,0.3017758044016624,0.009789747113109,0.1189832966658286,0.0286830303748057,20.9
2,15,IPSO,0.2917510618949844,0.0110537073788438,0.1046624933214237,0.0343984072245824,20.53333333333333
2,15,GA,0.2882206825861297,0.0087725658972148,0.1133159799966961,0.0347298037222698,22.33333333333333
2,15,PSO,0.2887321084283286,0.0131509771518928,0.1001563533403289,0.030570364494937,23.466666666666665
3,16,ACO,0.2765281325006435,0.0088511674438974,0.3224209900091713,0.0169542355839099,19.2
3,16,DE,0.2965352117147946,0.0128239089320251,0.1349950966541655,0.0146062488711582,20.73333333333333
3,16,IPSO,0.2862888915380284,0.0101685902006001,0.111451456672512,0.0112972238735651,20.966666666666665
3,16,GA,0.2773706513303067,0.0083299955999985,0.1263715633229973,0.0116892171581055,23.4
3,16,PSO,0.2902447109306474,0.0149444618301008,0.1067427733292182,0.0128994844308558,22.566666666666663
4,19,ACO,0.3441594754711404,0.0124267652868139,0.3250304666619437,0.0423908308567837,18.53333333333333
4,19,DE,0.3582365158269431,0.0106117057685524,0.1236714033371148,0.0152391495826975,20.266666666666666
4,19,IPSO,0.3400434625586974,0.0110629903099888,0.1059606066633326,0.01371356183639,19.3
4,19,GA,0.3404694052196167,0.0114425184407628,0.117519076676884,0.0228976671370303,23.4
4,19,PSO,0.3461452198281554,0.0141136179238309,0.1039310066533895,0.0148683873284834,23.166666666666668
5,22,ACO,0.348596609921292,0.011648197521609,0.3495033300093685,0.031269373213285,21.966666666666665
5,22,DE,0.3749736652469098,0.0106058016379376,0.1310823200231728,0.0192913852828802,19.766666666666666
5,22,IPSO,0.3533593989573305,0.0114385371071783,0.1109654566699949,0.0188911204478335,22.866666666666667
5,22,GA,0.3490736108955589,0.0102061806860193,0.1153473899971383,0.0190925834991703,24.23333333333333
5,22,PSO,0.3575832546662159,0.0102221837009887,0.1077123833548588,0.0167751561959261,23.7
6,25,ACO,0.3966324010795196,0.012029640515822,0.3906885699989895,0.0329353628830792,22.166666666666668
6,25,DE,0.4321066503419878,0.0077370628739396,0.1365897433444236,0.0182969627778531,19.8
6,25,IPSO,0.3965217303444545,0.008626372021678,0.1115408433290819,0.0151489745463442,20.9
6,25,GA,0.4029536519138386,0.0111973876051119,0.1212583966630821,0.0167618768722922,24.366666666666667
6,25,PSO,0.4198095058339086,0.0128842237621429,0.1108782833403286,0.018719540627114,22.433333333333334
7,26,ACO,0.4053846194314593,0.0118576931695745,0.3800797333242371,0.04086132923569,21.133333333333333
7,26,DE,0.4443225348863308,0.0091690643002151,0.1366346566743838,0.0125444832730016,18.8
7,26,IPSO,0.3817893186011514,0.0064173814243291,0.1105841666692867,0.0201545026924816,16.666666666666668
7,26,GA,0.4174542295688503,0.0125149836793857,0.1269455233394789,0.0174951773858308,23.73333333333333
7,26,PSO,0.4275605258078158,0.0163494720498502,0.1117147266787166,0.0162125080762449,23.366666666666667
8,28,ACO,0.446135441181209,0.0124980307087902,0.4350640933223379,0.0394598122672607,22.133333333333333
8,28,DE,0.485259779305432,0.0118033228370146,0.1438868333352729,0.0202370556391821,20.4
8,28,IPSO,0.4441571598656272,0.0093919532880034,0.1248163966656041,0.0143614774727752,15.0
8,28,GA,0.4505529154145805,0.0168331335010526,0.1417688199823411,0.0191952690168207,23.6
8,28,PSO,0.4614609503068635,0.013170656223285,0.1251616733187499,0.0148420023221589,23.3
9,29,ACO,0.4553486187840735,0.0134810960446669,0.441605706672029,0.0216633530531821,23.0
9,29,DE,0.5107507215118846,0.0121641702539089,0.1455100633320398,0.0097230093106218,19.53333333333333
9,29,IPSO,0.4669748745838992,0.006597381586554,0.1262645966683825,0.0093737683430893,20.0
9,29,GA,0.4699238562754594,0.0159277937357667,0.13297572665615,0.0125790843378235,23.73333333333333
9,29,PSO,0.4864831181554084,0.0172505234754036,0.1235424499958753,0.0128124623054742,23.466666666666665
10,31,ACO,0.4543250534593547,0.0139200490606039,0.387104443348168,0.1005923604171421,22.9
10,31,DE,0.48755042189915,0.0125001652032171,0.1244165599967042,0.0476011323424096,18.4
10,31,IPSO,0.4620890802116435,0.0088023587030714,0.119161510001868,0.0513264731222745,21.633333333333333
10,31,GA,0.4561785771496188,0.0136730938885161,0.1277632666751742,0.0587879952852583,24.666666666666668
10,31,PSO,0.4713397331755836,0.0138998992097009,0.1146579333348199,0.0452919960911182,23.3
11,32,ACO,0.5076661618203185,0.0135956866228798,0.4379372299920457,0.1076616192631942,22.9
11,32,DE,0.5448954141686883,0.0118476809564768,0.1517475966713391,0.0390945110962505,19.8
11,32,IPSO,0.5053464213953572,0.0084498072210376,0.1274581399979069,0.0448232787806755,16.766666666666666
11,32,GA,0.5076732885827691,0.0123261936973979,0.1263558633470287,0.0364629768261934,24.366666666666667
11,32,PSO,0.5344654978037671,0.0174047474281914,0.1269341833229797,0.0474308487346561,24.0
12,34,ACO,0.4937938420050113,0.0126744854089287,0.5715198300119179,0.0693852623086851,23.966666666666665
12,34,DE,0.5383222406295779,0.0128538433309604,0.1741170333349146,0.0275228161052832,19.5
12,34,IPSO,0.4826991950395204,0.0114066452931339,0.1499515933450311,0.0255273968976398,19.9
12,34,GA,0.498851091708306,0.0130341709347087,0.1601035933320721,0.0214722540029791,24.2
12,34,PSO,0.5201204832134202,0.0131668009997604,0.1499091966659761,0.0171774030969865,22.73333333333333
13,35,ACO,0.4917539538770548,0.0131407538420318,0.531187113339547,0.0354190464816912,23.53333333333333
13,35,DE,0.5546355784290048,0.0138250964212476,0.1599282100098207,0.012601456305115,19.3
13,35,IPSO,0.5006966567934462,0.0092373514091423,0.1443149866652675,0.0272607313088418,15.233333333333333
13,35,GA,0.5043013272595444,0.0142209080834412,0.1480199333357935,0.0152124975554698,24.8
13,35,PSO,0.5323118739273502,0.0117484261740532,0.1366339999833144,0.0115255992880174,23.866666666666667
14,37,ACO,0.5315453392644006,0.0156813576410969,0.5563879200063335,0.0212482632337136,23.766666666666666
14,37,DE,0.5861483480022799,0.0097599145567068,0.1612243399994137,0.0064185146207556,18.6
14,37,IPSO,0.5336519574197575,0.0074831835598428,0.1419935399899259,0.0099106639356946,16.833333333333332
14,37,GA,0.5382792332344296,0.0144477097266913,0.1519629599836965,0.0081730199723342,24.5
14,37,PSO,0.5692862535713501,0.0141793082821363,0.1384572133499508,0.0081180105742967,23.666666666666668
15,39,ACO,0.566222677815695,0.0159712438405161,0.6107302466717859,0.0465114827879736,24.166666666666668
15,39,DE,0.6292594348121398,0.0157628783262348,0.1784069800050929,0.0157901436009366,19.3
15,39,IPSO,0.6033970547856377,0.0121507860421524,0.1575280899841648,0.0156294135414827,17.033333333333335
15,39,GA,0.5834180167871726,0.0148985584107758,0.1635433699819259,0.0199848838126509,24.7
15,39,PSO,0.6052819756595152,0.0146101779105182,0.1518479400197975,0.0142634648655147,23.666666666666668
16,41,ACO,0.5745691472910679,0.0163941589929317,0.6071517266721155,0.0532087014780817,23.866666666666667
16,41,DE,0.6357858386822044,0.0139725026338816,0.1729619766663139,0.0194173040121525,21.666666666666668
16,41,IPSO,0.5822642601599604,0.0116456201099774,0.1502315233267533,0.0230458027838374,19.5
16,41,GA,0.5901631229643617,0.0113440081241252,0.1621463199883389,0.0198090046530804,24.766666666666666
16,41,PSO,0.6170770605825898,0.0159062976754426,0.1587921300088055,0.024670073064052,22.03333333333333
17,42,ACO,0.5965084600832943,0.0143352717076865,0.4409857933176681,0.0964909057958409,24.566666666666663
17,42,DE,0.6643924545161833,0.0172798046232932,0.1285177333435664,0.0285436993126992,20.666666666666668
17,42,IPSO,0.6071487832183587,0.0140113307764229,0.1109552533326981,0.0343027186740778,21.433333333333334
17,42,GA,0.6063459333538579,0.0192482202699344,0.120907469994078,0.0285296515409777,24.5
17,42,PSO,0.6452835141173853,0.0158255774729345,0.116181006662858,0.0284464785314795,24.3
18,44,ACO,0.6083140698959855,0.0195202768778933,0.4237147866670663,0.0577154678124937,23.966666666666665
18,44,DE,0.6726619647829285,0.0149977291376209,0.1203878766701867,0.0213956144411149,20.23333333333333
18,44,IPSO,0.5989403935527032,0.0069280488498032,0.1026346466659257,0.010358496950516,18.166666666666668
18,44,GA,0.6234083694136222,0.0160360960306618,0.1113993666522825,0.0146520251214524,24.433333333333334
18,44,PSO,0.6450159765124881,0.0209625160861596,0.0997369433287531,0.0094178846006235,23.366666666666667
19,46,ACO,0.6048090539486037,0.017593945660322,0.5347511500003748,0.0538721141549839,24.766666666666666
19,46,DE,0.6757882554919311,0.0151333093057425,0.1533610700047575,0.0178856159255328,19.566666666666663
19,46,IPSO,0.5958188554005694,0.0108493648719533,0.1334757600173664,0.0158125636078043,16.266666666666666
19,46,GA,0.6184901449038377,0.017618995747749,0.1449795233318582,0.0151847381147795,25.0
19,46,PSO,0.6507000979744124,0.0190739667310141,0.1332894666624876,0.0165783274202062,22.966666666666665
